{
	"Version": 3,
	"Parameters": [
		{
			"Id": "ParamAngleX",
			"GroupId": "ParamGroup4",
			"Name": "角度 X"
		},
		{
			"Id": "ParamAngleY",
			"GroupId": "ParamGroup4",
			"Name": "角度 Y"
		},
		{
			"Id": "ParamAngleZ",
			"GroupId": "ParamGroup4",
			"Name": "角度 Z"
		},
		{
			"Id": "ParamCheek",
			"GroupId": "ParamGroup4",
			"Name": "照れ"
		},
		{
			"Id": "ParamEyeLOpen",
			"GroupId": "ParamGroupEyes",
			"Name": "左眼　開閉"
		},
		{
			"Id": "ParamEyeLSmile",
			"GroupId": "ParamGroupEyes",
			"Name": "左眼　笑顔"
		},
		{
			"Id": "ParamEyeROpen",
			"GroupId": "ParamGroupEyes",
			"Name": "右眼　開閉"
		},
		{
			"Id": "ParamEyeRSmile",
			"GroupId": "ParamGroupEyes",
			"Name": "右眼　笑顔"
		},
		{
			"Id": "ParamEyeBallX",
			"GroupId": "ParamGroupEyes",
			"Name": "目玉 X"
		},
		{
			"Id": "ParamEyeBallY",
			"GroupId": "ParamGroupEyes",
			"Name": "目玉 Y"
		},
		{
			"Id": "ParamBrowLY",
			"GroupId": "ParamGroup5",
			"Name": "左眉　上下"
		},
		{
			"Id": "ParamBrowRY",
			"GroupId": "ParamGroup5",
			"Name": "右眉　上下"
		},
		{
			"Id": "ParamBrowLX",
			"GroupId": "ParamGroup5",
			"Name": "左眉　左右"
		},
		{
			"Id": "ParamBrowRX",
			"GroupId": "ParamGroup5",
			"Name": "右眉　左右"
		},
		{
			"Id": "ParamBrowLAngle",
			"GroupId": "ParamGroup5",
			"Name": "左眉　角度"
		},
		{
			"Id": "ParamBrowRAngle",
			"GroupId": "ParamGroup5",
			"Name": "右眉　角度"
		},
		{
			"Id": "ParamBrowLForm",
			"GroupId": "ParamGroup5",
			"Name": "左眉　変形"
		},
		{
			"Id": "ParamBrowRForm",
			"GroupId": "ParamGroup5",
			"Name": "右眉　変形"
		},
		{
			"Id": "ParamMouthOpenY",
			"GroupId": "ParamGroupMouth",
			"Name": "口　開閉"
		},
		{
			"Id": "ParamMouthForm",
			"GroupId": "ParamGroupMouth",
			"Name": "口　変形"
		},
		{
			"Id": "ParamArmL",
			"GroupId": "ParamGroupBody",
			"Name": "左腕"
		},
		{
			"Id": "ParamArmR",
			"GroupId": "ParamGroupBody",
			"Name": "右腕"
		},
		{
			"Id": "ParamBodyAngleX",
			"GroupId": "ParamGroupBody",
			"Name": "体の回転　X"
		},
		{
			"Id": "ParamBodyAngleY",
			"GroupId": "ParamGroupBody",
			"Name": "体の回転　Y"
		},
		{
			"Id": "ParamBodyAngleZ",
			"GroupId": "ParamGroupBody",
			"Name": "体の回転　Z"
		},
		{
			"Id": "ParamBreath",
			"GroupId": "ParamGroupBody",
			"Name": "呼吸"
		},
		{
			"Id": "ParamHairFront",
			"GroupId": "ParamGroupSway",
			"Name": "前髪　揺れ"
		},
		{
			"Id": "ParamHairFront2",
			"GroupId": "ParamGroupSway",
			"Name": "前髪　上下"
		},
		{
			"Id": "ParamHairBack",
			"GroupId": "ParamGroupSway",
			"Name": "後ろ髪　揺れ"
		},
		{
			"Id": "ParamHairBackL8",
			"GroupId": "ParamGroupSway",
			"Name": "左髪ひねり"
		},
		{
			"Id": "ParamHairBackR6",
			"GroupId": "ParamGroupSway",
			"Name": "右髪ひねり"
		},
		{
			"Id": "Param",
			"GroupId": "ParamGroupSway",
			"Name": "スカート　揺れ"
		},
		{
			"Id": "Param2",
			"GroupId": "ParamGroupSway",
			"Name": "スカート　上下"
		},
		{
			"Id": "Param3",
			"GroupId": "ParamGroupSway",
			"Name": "ベルト　揺れ"
		},
		{
			"Id": "Param_Angle_Rotation_1_D_HAIR_BACK_10",
			"GroupId": "ParamGroup",
			"Name": "[0]D_HAIR_BACK_10"
		},
		{
			"Id": "Param_Angle_Rotation_2_D_HAIR_BACK_10",
			"GroupId": "ParamGroup",
			"Name": "[1]D_HAIR_BACK_10"
		},
		{
			"Id": "Param_Angle_Rotation_3_D_HAIR_BACK_10",
			"GroupId": "ParamGroup",
			"Name": "[2]D_HAIR_BACK_10"
		},
		{
			"Id": "Param_Angle_Rotation_4_D_HAIR_BACK_10",
			"GroupId": "ParamGroup",
			"Name": "[3]D_HAIR_BACK_10"
		},
		{
			"Id": "Param_Angle_Rotation_5_D_HAIR_BACK_10",
			"GroupId": "ParamGroup",
			"Name": "[4]D_HAIR_BACK_10"
		},
		{
			"Id": "Param_Angle_Rotation_6_D_HAIR_BACK_10",
			"GroupId": "ParamGroup",
			"Name": "[5]D_HAIR_BACK_10"
		},
		{
			"Id": "Param_Angle_Rotation_7_D_HAIR_BACK_10",
			"GroupId": "ParamGroup",
			"Name": "[6]D_HAIR_BACK_10"
		},
		{
			"Id": "Param_Angle_Rotation_8_D_HAIR_BACK_10",
			"GroupId": "ParamGroup",
			"Name": "[7]D_HAIR_BACK_10"
		},
		{
			"Id": "Param_Angle_Rotation_9_D_HAIR_BACK_10",
			"GroupId": "ParamGroup",
			"Name": "[8]D_HAIR_BACK_10"
		},
		{
			"Id": "Param_Angle_Rotation_1_D_HAIR_BACK_00",
			"GroupId": "ParamGroup2",
			"Name": "[0]D_HAIR_BACK_00"
		},
		{
			"Id": "Param_Angle_Rotation_2_D_HAIR_BACK_00",
			"GroupId": "ParamGroup2",
			"Name": "[1]D_HAIR_BACK_00"
		},
		{
			"Id": "Param_Angle_Rotation_3_D_HAIR_BACK_00",
			"GroupId": "ParamGroup2",
			"Name": "[2]D_HAIR_BACK_00"
		},
		{
			"Id": "Param_Angle_Rotation_4_D_HAIR_BACK_00",
			"GroupId": "ParamGroup2",
			"Name": "[3]D_HAIR_BACK_00"
		},
		{
			"Id": "Param_Angle_Rotation_5_D_HAIR_BACK_00",
			"GroupId": "ParamGroup2",
			"Name": "[4]D_HAIR_BACK_00"
		},
		{
			"Id": "Param_Angle_Rotation_6_D_HAIR_BACK_00",
			"GroupId": "ParamGroup2",
			"Name": "[5]D_HAIR_BACK_00"
		},
		{
			"Id": "Param_Angle_Rotation_7_D_HAIR_BACK_00",
			"GroupId": "ParamGroup2",
			"Name": "[6]D_HAIR_BACK_00"
		},
		{
			"Id": "Param_Angle_Rotation_8_D_HAIR_BACK_00",
			"GroupId": "ParamGroup2",
			"Name": "[7]D_HAIR_BACK_00"
		},
		{
			"Id": "Param_Angle_Rotation_9_D_HAIR_BACK_00",
			"GroupId": "ParamGroup2",
			"Name": "[8]D_HAIR_BACK_00"
		},
		{
			"Id": "Param_Angle_Rotation_1_D_BODY_06",
			"GroupId": "ParamGroup3",
			"Name": "[0]D_BODY_06"
		},
		{
			"Id": "Param_Angle_Rotation_2_D_BODY_06",
			"GroupId": "ParamGroup3",
			"Name": "[1]D_BODY_06"
		},
		{
			"Id": "Param_Angle_Rotation_3_D_BODY_06",
			"GroupId": "ParamGroup3",
			"Name": "[2]D_BODY_06"
		},
		{
			"Id": "Param_Angle_Rotation_4_D_BODY_06",
			"GroupId": "ParamGroup3",
			"Name": "[3]D_BODY_06"
		},
		{
			"Id": "Param_Angle_Rotation_5_D_BODY_06",
			"GroupId": "ParamGroup3",
			"Name": "[4]D_BODY_06"
		},
		{
			"Id": "Param_Angle_Rotation_6_D_BODY_06",
			"GroupId": "ParamGroup3",
			"Name": "[5]D_BODY_06"
		},
		{
			"Id": "Param_Angle_Rotation_7_D_BODY_06",
			"GroupId": "ParamGroup3",
			"Name": "[6]D_BODY_06"
		}
	],
	"ParameterGroups": [
		{
			"Id": "ParamGroup4",
			"GroupId": "",
			"Name": "頭部"
		},
		{
			"Id": "ParamGroupEyes",
			"GroupId": "",
			"Name": "目"
		},
		{
			"Id": "ParamGroup5",
			"GroupId": "",
			"Name": "眉毛"
		},
		{
			"Id": "ParamGroupMouth",
			"GroupId": "",
			"Name": "口"
		},
		{
			"Id": "ParamGroupBody",
			"GroupId": "",
			"Name": "体"
		},
		{
			"Id": "ParamGroupSway",
			"GroupId": "",
			"Name": "揺れ"
		},
		{
			"Id": "ParamGroup",
			"GroupId": "",
			"Name": "左ツインテール（スキニング）"
		},
		{
			"Id": "ParamGroup2",
			"GroupId": "",
			"Name": "右ツインテール（スキニング）"
		},
		{
			"Id": "ParamGroup3",
			"GroupId": "",
			"Name": "ネクタイ（スキニング）"
		}
	],
	"Parts": [
		{
			"Id": "Part01Leg",
			"Name": "足"
		},
		{
			"Id": "Part01Body",
			"Name": "体"
		},
		{
			"Id": "Part01Arm",
			"Name": "腕"
		},
		{
			"Id": "Part01Neck",
			"Name": "首"
		},
		{
			"Id": "Part01HairBack001",
			"Name": "後ろ髪"
		},
		{
			"Id": "Part01HairSide001",
			"Name": "横髪"
		},
		{
			"Id": "Part01HairFront001",
			"Name": "前髪"
		},
		{
			"Id": "Part01Ear001",
			"Name": "耳"
		},
		{
			"Id": "Part01Nose001",
			"Name": "鼻"
		},
		{
			"Id": "Part01Mouth001",
			"Name": "口"
		},
		{
			"Id": "Part01Brow001",
			"Name": "まゆ毛"
		},
		{
			"Id": "Part01EyeBall001",
			"Name": "目玉"
		},
		{
			"Id": "Part01Eye001",
			"Name": "目"
		},
		{
			"Id": "Part01Face001",
			"Name": "顔"
		},
		{
			"Id": "Part01Cheek",
			"Name": "頬"
		},
		{
			"Id": "Part01Headset",
			"Name": "ヘッドセット"
		},
		{
			"Id": "Part01Core",
			"Name": "コアパーツ"
		},
		{
			"Id": "Part01Background",
			"Name": "背景"
		},
		{
			"Id": "Part01Sketch",
			"Name": "[ 下絵 ]"
		},
		{
			"Id": "D_BODY_06_Skinning",
			"Name": "D_BODY_06(スキニング)"
		},
		{
			"Id": "Part01SkinningC",
			"Name": "D_BODY_06(回転)"
		},
		{
			"Id": "D_HAIR_BACK_10_Skinning",
			"Name": "D_HAIR_BACK_10(スキニング)"
		},
		{
			"Id": "Part01SkinningB",
			"Name": "D_HAIR_BACK_10(回転)"
		},
		{
			"Id": "D_HAIR_BACK_00_Skinning",
			"Name": "D_HAIR_BACK_00(スキニング)"
		},
		{
			"Id": "Part01SkinningA",
			"Name": "D_HAIR_BACK_00(回転)"
		}
	]
}