{
	"Version": 3,
	"FileReferences": {
		"Moc": "miku_sample_t04.moc3",
		"Textures": [
			"miku_sample_t04.2048/texture_00.png"
		],
		"Physics": "miku_sample_t04.physics3.json",
		"DisplayInfo": "miku_sample_t04.cdi3.json",
		"Motions": {
			"Idle": [
				{
					"File": "motion/miku_01.motion3.json"
				},
				{
					"File": "motion/miku_04.motion3.json"
				},
				{
					"File": "motion/miku_07.motion3.json"
				}
			],
			"Tap": [
				{
					"File": "motion/miku_02.motion3.json"
				},
				{
					"File": "motion/miku_03.motion3.json"
				}
			],
			"Flick": [
				{
					"File": "motion/miku_05.motion3.json"
				},
				{
					"File": "motion/miku_08.motion3.json"
				}
			],
			"FlickUp": [
				{
					"File": "motion/miku_06.motion3.json"
				}
			]
		}
	},
	"Groups": [
		{
			"Target": "Parameter",
			"Name": "LipSync",
			"Ids": [
				"ParamMouthOpenY"
			]
		},
		{
			"Target": "Parameter",
			"Name": "EyeBlink",
			"Ids": [
				"ParamEyeLOpen",
				"ParamEyeROpen"
			]
		}
	],
	"HitAreas": []
}